{
    "fullScreen": {
        "enable": true,
        "zIndex": -1
    },
    "background": {
        "repeat": "no-repeat",
        "size": "cover"
    },
    "fpsLimit": 120,
    "interactivity": {
        "events": {
            "onClick": {
                "enable": true,
                "mode": "push"
            },
            "onHover": {
                "enable": true,
                "mode": "repulse"
            },
            "resize": true
        },
        "modes": {
            "push": {
                "quantity": 4
            },
            "repulse": {
                "distance": 200,
                "duration": 0.4
            }
        }
    },
    "particles": {
        "color": {
            "value": "random"
        },
        "links": {
            "color": "random",
            "distance": 150,
            "enable": true,
            "opacity": 0.5,
            "width": 1
        },
        "move": {
            "direction": "none",
            "enable": true,
            "outModes": {
                "default": "bounce"
            },
            "random": false,
            "speed": 2,
            "straight": false
        },
        "number": {
            "density": {
                "enable": true,
                "area": 700
            },
            "value": 100
        },
        "opacity": {
            "value": 0.5
        },
        "shape": {
            "type": "circle"
        },
        "size": {
            "value": {
                "min": 1,
                "max": 5
            }
        }
    },
    "detectRetina": true
}